LOCATION_CODE,LATITUDE,LONGITUDE
6501.0,-29.1483662,153.3063283
6502.0,-29.4130023,153.2419014
6503.0,-33.4251502,149.6506842
6505.0,-34.9599481,149.4077462
6507.0,-35.95086510000001,149.1453135
6508.0,-28.95,153.466667
6509.0,-29.0958127,153.3396554
6510.0,-31.3689451,152.8011527
6511.0,-32.1168512,152.3691625
6512.0,-31.071707,152.845752
6513.0,-31.3689451,152.8011527
6514.0,-30.9089827,152.917814
6515.0,-31.655119,152.7303902
6518.0,-35.004096,148.1107374
6519.0,-34.8975544,148.2054061
6520.0,-34.8975544,148.2054061
6521.0,-34.8047375,148.9114194
6522.0,-33.9671027,147.1603969
6523.0,-33.3971888,147.9910276
6524.0,-31.6738388,148.7131866
6525.0,-31.9818835,148.583311
6526.0,-32.5216439,148.2798453
6527.0,-32.671618,148.1966504
6528.0,-32.3168065,150.939234
6529.0,-32.5665781,151.1783896
6531.0,-32.3168065,150.939234
6532.0,-32.141819,150.2901128
6533.0,-32.3296058,150.5576112
6536.0,-32.8558397,148.9120034
6537.0,-33.1144274,148.9346578
6538.0,-34.4140559,150.8810579
6539.0,-34.4014426,150.8790359
6541.0,-34.2389023,150.6884551
6542.0,-30.5213977,152.9827172
6543.0,-30.5877937,152.9994698
6544.0,-29.4130023,153.2419014
6545.0,-29.5419919,153.1578404
6546.0,-31.3689451,152.8011527
6547.0,-28.9355073,153.471953
6548.0,-33.5682239,150.2051199
6549.0,-33.5441917,150.1776561
6550.0,-33.5441917,150.1776561
6551.0,-33.5682239,150.2051199
6552.0,-31.0829153,152.8750523
6553.0,-31.3689451,152.8011527
6554.0,-30.9786767,150.7447064
6555.0,-30.9848887,150.2169848
6556.0,-30.9786767,150.7447064
6557.0,-31.0924098,150.934488
7101.0,-33.9008384,151.2038166
7102.0,-33.9021792,151.1983597
7103.0,-34.0699488,150.8133216
7104.0,-34.0699488,150.8133216
7105.0,-33.8905391,151.209491
7106.0,-33.9042168,151.2052427
7107.0,-33.8087148,151.0156856
7108.0,-33.898126,150.9202186
7109.0,-33.898126,150.9202186
7110.0,-34.0735629,150.8004793
7111.0,-34.0722088,150.8011279
7112.0,-33.83,151.051
7113.0,-33.8339895,151.0482217
7114.0,-33.9301004,151.0692622
7115.0,-33.929085,151.0742297
7118.0,-33.8193659,150.9872066
7119.0,-33.7094058,150.3730633
7120.0,-33.887432,151.217484
7121.0,-33.8854947,151.2181785
7122.0,-33.7696906,150.7711683
7123.0,-33.7689491,150.7698267
7124.0,-33.8826161,150.9987625
7125.0,-33.8838631,151.0076965
7126.0,-34.0346031,151.1054626
7127.0,-33.8860241,150.9747461
7128.0,-33.8979765,150.9735349
7129.0,-33.8684834,151.1027729
7130.0,-33.8689722,151.1059001
7131.0,-33.9545883,151.1376661
7132.0,-33.950264,151.139268
7139.0,-33.8765697,151.2245431
7140.0,-33.9031803,151.2222986
7141.0,-33.8853066,151.2183574
7144.0,-33.8394949,150.9998078
7145.0,-33.74371,150.9827855
7146.0,-33.7469565,150.9823503
7148.0,-33.925489,150.9181228
7149.0,-33.9282069,150.971545
7150.0,-33.7247612,150.9738798
7151.0,-33.8877665,151.2254056
7153.0,-33.8589383,151.0434738
7154.0,-33.8697048,151.0686715
7156.0,-33.8896382,151.1524184
7158.0,-33.9311462,151.1854873
7159.0,-33.898126,150.9202186
7160.0,-33.7763873,150.8991309
7161.0,-33.7394846,151.0733379
7162.0,-34.0434611,151.1259116
7163.0,-33.8638872,151.1702411
7164.0,-33.8154984,150.96956
7165.0,-33.7394846,151.0733379
7166.0,-33.8738561,150.9538397
7167.0,-33.9194418,151.0983962
7168.0,-33.799968,150.9027097
7169.0,-33.9335912,151.0733999
7170.0,-33.7727801,150.9016754
7171.0,-33.870155,151.147959
7173.0,-33.85912830000001,150.9938557
7174.0,-33.8302819,151.203424
7175.0,-33.949432,151.1467864
7176.0,-33.9028829,150.9428318
7177.0,-33.7240195,151.0870498
7178.0,-33.896277,151.220519
7179.0,-33.8211449,150.962425
7180.0,-33.8789342,151.1244362
7181.0,-33.9301231,150.9336252
7182.0,-33.7929012,150.9817786
7183.0,-33.9525972,151.1224609
7184.0,-33.762586,151.1374472
7185.0,-33.8010171,151.1213566
7186.0,-33.8698807,151.1322258
7188.0,-33.8830919,151.1978139
7190.0,-33.9255929,151.1893753
7191.0,-33.7681804,150.7103739
7192.0,-33.8893618,151.2563241
7193.0,-33.7604626,150.9132878
7194.0,-33.7501988,151.2893237
7195.0,-33.9804922,151.124708
7196.0,-33.7704419,150.8927967
7198.0,-34.0310018,151.0670527
7199.0,-33.9170444,151.2414342
7200.0,-33.7977086,151.0940482
7201.0,-33.8513762,150.9359191
7202.0,-33.9079782,151.1595508
7203.0,-33.81658530000001,151.1092436
7204.0,-33.824375,151.132937
7205.0,-33.8258567,151.2330311
7206.0,-33.938908,151.114004
7207.0,-33.890722,151.206127
7208.0,-33.9185524,151.226151
7209.0,-33.884243,150.93774
7210.0,-33.8853299,151.1371247
7211.0,-32.9371319,151.7163306
7212.0,-32.9275098,151.7572699
7213.0,-32.9122179,151.720923
7214.0,-32.8874123,151.7224693
7215.0,-32.9245781,151.7493677
7216.0,-34.4283969,150.8865581
7217.0,-34.4562961,150.8438715
7218.0,-34.425747,150.8998203
7219.0,-34.43680519999999,150.8633439
7220.0,-34.5318435,150.868605
7240.0,-33.8791607,151.1375481
7241.0,-33.8710114,151.1198776
7242.0,-33.8298358,151.010148
7243.0,-33.880541,151.2049867
7244.0,-33.880541,151.2049867
7245.0,-33.9230726,151.0678535
7246.0,-33.9187181,151.1031845
7247.0,-33.8172087,151.2015284
7248.0,-33.9162285,151.0384083
7249.0,-33.816592,151.000275
7250.0,-33.8637456,151.0185357
7251.0,-33.8752093,151.1592542
7252.0,-33.8631555,151.105011
7253.0,-33.9233691,150.911899
7254.0,-33.7945603,151.1183431
7270.0,-33.7945603,151.1183431
7271.0,-33.9144207,151.0677547
7272.0,-33.9351704,151.01043
7273.0,-33.767284,150.952495
7274.0,-33.778447,150.8110085
7275.0,-33.8960086,151.1065154
7276.0,-34.0725565,150.8101923
7277.0,-33.90295,151.084403
7278.0,-33.9492515,151.1024769
7279.0,-33.86573500000001,150.9555121
7280.0,-33.8499757,150.9449777
7281.0,-33.85315,150.939634
7282.0,-33.8154975,151.0045853
7283.0,-33.7957943,150.989149
7284.0,-33.7877012,150.7714889
7285.0,-33.9120879,151.2378064
7286.0,-33.981924,151.1367512
7287.0,-33.911853,151.1983787
7288.0,-33.8882355,151.2382061
7289.0,-32.9078928,151.66465
7290.0,-34.4881665,150.887895
7291.0,-34.4435211,150.8820758
7292.0,-31.2532183,146.921099
7293.0,-33.8769561,151.1009038
7294.0,-33.8990549,151.0373711
7295.0,-33.8869308,151.2082467
7296.0,-33.874597,151.216813
7297.0,-33.811225,151.1664308
7298.0,-33.8126402,151.0608014
7299.0,-33.8366784,150.9897028
7300.0,-33.85168,151.0381018
7301.0,-33.7943637,151.0742803
7302.0,-33.8786986,151.2136182
7303.0,-33.7714908,151.0799406
7304.0,-33.9522038,151.1313347
7305.0,-33.8303753,151.2141223
7306.0,-33.5989673,150.7514322
7307.0,-33.7105191,151.1034277
7308.0,-33.9405701,151.2382857
7309.0,-33.7314048,151.0035251
7310.0,-33.7651658,150.9090725
7311.0,-33.7326581,150.9422722
7313.0,-33.9826229,151.1089423
7314.0,-33.8742587,150.9446379
7315.0,-33.925489,150.9181228
7316.0,-33.8868105,151.1987816
7317.0,-33.9152419,151.1751742
7318.0,-33.8818177,151.2195857
7319.0,-33.7880939,150.8510543
7320.0,-33.9510299,151.092051
7321.0,-33.8990549,151.0373711
7322.0,-33.9017916,151.0648827
7323.0,-33.9612894,151.2099956
7324.0,-33.88209,150.9240894
7325.0,-33.6065709,150.8222373
7326.0,-33.8549852,151.0722685
7327.0,-33.7651658,150.9090725
7328.0,-33.758949,150.8326728
7329.0,-33.8845354,151.2113085
7330.0,-33.8508561,151.1545913
7331.0,-33.9008384,151.2038166
7332.0,-33.8841552,151.2142346
7333.0,-33.8188816,150.9975736
7334.0,-33.7991518,150.9004175
7335.0,-33.8281803,150.9616772
7336.0,-33.846332,151.0302299
7337.0,-33.861154,150.9328879
7338.0,-33.921885,150.9188845
9509.0,-34.3339998,150.9130166
9522.0,-33.8878286,151.1045152
9530.0,-28.7249643,153.4102392
9534.0,-33.839914,151.0325189
9535.0,-27.5860164,153.1060998
9538.0,-30.5877937,152.9994698
9540.0,-33.8179889,151.0221175
9541.0,-33.7947808,151.0164205
9542.0,-33.9074447,151.0216602
9543.0,-33.8180954,150.9337204
9546.0,-33.8969079,150.9525689
9547.0,-33.6176721,150.8070936
9548.0,-33.7016123,150.5809586
9549.0,-33.8787277,151.2359644
9550.0,-33.8124059,151.1592767
9551.0,-33.9365967,151.1253356
9552.0,-33.9356774,151.1466717
9553.0,-33.77646610000001,151.0523698
9554.0,-33.8037639,151.1027984
9556.0,-34.369373,150.9023484
9557.0,-34.369373,150.9023484
9560.0,-33.742286,151.045084
9561.0,-33.870332,150.980552
9563.0,-29.926309,151.72353
9567.0,-30.5877937,152.9994698
9568.0,-29.09610859999999,152.0020534
9570.0,-28.9355073,153.471953
9571.0,-28.8252315,153.4133672
9573.0,-33.961059,151.0501463
9574.0,-30.2489804,153.1370101
9577.0,-31.0629341,151.0409314
9578.0,-30.6790239,152.9455597
9579.0,-31.7904175,150.8995795
9580.0,-32.86778,151.7082373
9581.0,-32.86778,151.7082373
9582.0,-32.8874123,151.7224693
9583.0,-33.1456845,151.6123884
9586.0,-32.9254564,151.6829738
9587.0,-33.4398486,151.4239188
9590.0,-34.80817529999999,150.6371231
9592.0,-34.48975739999999,150.8832195
9593.0,-34.7418606,150.7504879
9594.0,-34.8556682,150.6119622
9596.0,-35.3727567,149.1957791
9597.0,-34.3101528,150.8989647
9600.0,-33.9663932,151.1367121
9601.0,-33.9663932,151.1367121
9602.0,-33.8230285,151.2318359
9603.0,-34.0375465,151.0835981
9604.0,-33.7714908,151.0799406
9606.0,-33.4191247,151.3483296
9610.0,-34.4276498,150.8692199
9612.0,-36.5013661,149.8407157
9613.0,-33.8740035,151.2176244
9614.0,-33.8739352,151.2145413
9615.0,-33.8041708,151.2458041
9616.0,-27.5860164,153.1060998
9617.0,-33.9402497,151.1154885
9618.0,-30.38610929999999,153.0329709
9620.0,-29.1483662,153.3063283
9622.0,-33.2284616,151.5030413
9623.0,-28.6543917,153.5376605
9625.0,-33.841579,151.088939
9626.0,-34.0358093,151.1313468
9631.0,-33.5441917,150.1776561
9632.0,-30.520322,153.001023
9635.0,-33.8793735,151.2170307
9636.0,-32.6992238,151.4561026
9637.0,-32.9824156,151.6921959
9638.0,-33.5499255,150.6808346
9639.0,-34.4058404,150.8907575
9640.0,-33.7463,151.1696408
9641.0,-33.8793735,151.2170307
9642.0,-33.7927414,151.2073979
9643.0,-33.6608956,150.7970218
9644.0,-33.971939,150.99743
9645.0,-33.9026631,150.8956991
9646.0,-33.9411095,151.0278006
9648.0,-29.0958127,153.3396554
9650.0,-33.81270840000001,151.2426028
9651.0,-33.9126,151.118
9652.0,-28.4266564,153.4637868
9655.0,-33.8121301,151.1713631
9656.0,-33.8148708,151.1664351
9657.0,-33.7861411,151.0253914
9658.0,-33.789353,151.0238499
9660.0,-33.3367622,151.3770685
9661.0,-33.3367622,151.3770685
9662.0,-34.3101528,150.8989647
9665.0,-30.6790239,152.9455597
9666.0,-33.5834465,150.2419101
9667.0,-33.7548795,151.2712498
9669.0,-34.0727723,151.0020113
9800.0,-33.8523063,151.2107871
9801.0,-33.8523063,151.2107871
9802.0,-33.7857456,150.961101
9803.0,-33.7862646,150.9670887
9804.0,-33.7311819,151.008792
9806.0,-33.85912830000001,150.9938557
9807.0,-33.85912830000001,150.9938557
9810.0,-33.8366784,150.9897028
9811.0,-33.9448563,151.2243306
9812.0,-33.9464567,151.2279299
9813.0,-33.9444693,151.2516454
9814.0,-33.9444693,151.2516454
9815.0,-33.9170444,151.2414342
9816.0,-33.9089347,151.2027602
9817.0,-33.9185566,151.199429
9818.0,-33.9077069,151.0263924
9819.0,-33.9077069,151.0263924
9820.0,-33.8897338,151.1266322
9821.0,-33.9203516,150.9273538
9822.0,-33.9489473,151.0805338
9823.0,-33.9489473,151.0805338
9824.0,-33.7803001,151.1693998
9825.0,-33.7803001,151.1693998
9826.0,-33.718396,151.298269
9827.0,-33.718396,151.298269
9828.0,-33.9260017,151.0124588
9829.0,-33.9632472,151.0852054
9830.0,-33.9650558,151.1001414
9831.0,-33.7635128,151.2798567
9832.0,-33.894289,150.891065
9833.0,-34.0346031,151.1054626
9834.0,-34.0346031,151.1054626
9835.0,-33.81658530000001,151.1092436
9836.0,-33.81658530000001,151.1092436
9837.0,-33.896277,151.220519
9838.0,-33.896277,151.220519
9839.0,-33.812051,151.0396225
9840.0,-33.812051,151.0396225
9841.0,-33.8671273,150.988116
9842.0,-33.8704044,150.9856395
9843.0,-33.7242039,151.1189764
9844.0,-33.7242039,151.1189764
9845.0,-33.7606459,150.7109626
9846.0,-33.7606459,150.7109626
9847.0,-33.6989771,151.300621
9848.0,-33.70814310000001,151.2960824
9849.0,-33.8801227,151.0928141
9850.0,-33.440534,151.435945
9851.0,-33.9260017,151.0124588
10000.0,-32.0582583,150.8702583
10008.0,-32.6601529,151.0267919
10009.0,-32.5863328,151.1532253
10010.0,-33.07298,151.6509828
10011.0,-33.07298,151.6509828
10012.0,-33.07298,151.6509828
10013.0,-32.5863328,151.1532253
10019.0,-32.6175118,151.1093849
10021.0,-32.5568861,151.1687091
10022.0,-32.545362,151.1495898
10036.0,-32.6605345,151.3515985
10038.0,-32.8706836,151.4300431
10042.0,-32.7142017,151.3278819
10043.0,-32.7142017,151.3278819
10044.0,-32.7142017,151.3278819
10047.0,-32.70917430000001,151.5176708
10050.0,-32.1095292,152.4780207
10051.0,-32.1095292,152.4780207
10052.0,-32.1095292,152.4780207
10055.0,-32.1095292,152.4780207
10060.0,-32.7846953,151.7334245
10071.0,-34.8799505,149.5352035
10073.0,-34.9599481,149.4077462
10075.0,-34.9599481,149.4077462
10077.0,-35.0618689,149.3735609
10080.0,-32.1708727,150.8908584
10081.0,-32.3168065,150.939234
10085.0,-34.9599481,149.4077462
10086.0,-34.9599481,149.4077462
10088.0,-34.9599481,149.4077462
10089.0,-34.8799505,149.5352035
10090.0,-32.6259184,152.0554363
10091.0,-32.5961741,152.1174444
10092.0,-32.5961741,152.1174444
10110.0,-32.9990506,151.5371045
10112.0,-34.2946464,148.3496827
10117.0,-34.5140312,148.1625925
10120.0,-32.6171166,151.2171226
10122.0,-34.2946464,148.3496827
10123.0,-34.2946464,148.3496827
10130.0,-32.9991405,151.6857887
10131.0,-32.9991405,151.6857887
10138.0,-31.8638992,148.6410193
10140.0,-31.8638992,148.6410193
10146.0,-31.9818835,148.583311
10147.0,-31.5536107,148.8145745
10150.0,-31.2489375,149.3064104
10158.0,-31.4302152,149.0702718
10159.0,-31.4302152,149.0702718
10160.0,-32.985812,151.513287
10162.0,-31.2489375,149.3064104
10180.0,-32.7477726,151.5437185
10181.0,-32.7477726,151.5437185
10182.0,-32.7477726,151.5437185
10200.0,-32.7500893,151.8696834
10201.0,-32.802546,151.850501
10202.0,-32.802546,151.850501
10204.0,-32.6645982,152.1572389
10206.0,-32.6645982,152.1572389
10210.0,-32.6981486,151.4092756
10212.0,-32.6661738,151.7272439
10218.0,-32.3980621,151.9623983
10224.0,-32.57380759999999,151.9188956
10226.0,-32.2076194,151.9393414
10227.0,-32.2207581,151.9372369
10228.0,-32.0051715,151.9586041
10229.0,-32.0244487,151.9533587
10231.0,-32.6553869,151.8683913
10246.0,-32.3102227,150.8234388
10247.0,-32.3296058,150.5576112
10250.0,-30.5069228,151.6356351
10251.0,-30.3147893,151.6898311
10252.0,-30.3147893,151.6898311
10253.0,-30.3257894,151.6780762
10255.0,-32.9668197,151.6268218
10256.0,-32.9668197,151.6268218
10274.0,-28.81772939999999,153.5284431
10275.0,-28.81772939999999,153.5284431
10276.0,-28.848359,153.5461183
10277.0,-28.7991634,153.5234204
10280.0,-30.5213977,152.9827172
10282.0,-30.520322,153.001023
10283.0,-30.5447594,153.0065598
10284.0,-30.5213977,152.9827172
10286.0,-30.147621,153.006848
10287.0,-30.0509603,152.9787737
10288.0,-30.0509603,152.9787737
10290.0,-29.0958127,153.3396554
10291.0,-29.0390203,153.4008215
10294.0,-30.0509603,152.9787737
10300.0,-29.0178114,153.4271099
10301.0,-28.95,153.466667
10303.0,-28.95,153.466667
10307.0,-30.6545822,152.2041476
10310.0,-28.8932722,153.4817939
10311.0,-28.95,153.466667
10315.0,-28.5543141,153.5074937
10316.0,-28.5543141,153.5074937
10318.0,-29.559824,151.8602199
10319.0,-31.3387085,152.0196025
10326.0,-28.3560097,153.5728815
10329.0,-28.3356473,153.5740863
10330.0,-30.0162008,153.1776538
10331.0,-30.0162008,153.1776538
10332.0,-30.0162008,153.1776538
10333.0,-30.0162008,153.1776538
10335.0,-28.3560097,153.5728815
10336.0,-28.3560097,153.5728815
10337.0,-28.2973076,153.5701941
10340.0,-31.6899927,152.7336511
10343.0,-31.634383,152.723865
10346.0,-34.5135553,146.2674267
10348.0,-34.5292344,146.3544208
10352.0,-29.3877159,153.2411499
10357.0,-34.3582794,146.0358768
10358.0,-34.4580364,146.0249666
10362.0,-28.1879159,153.5148436
10365.0,-34.4580364,146.0249666
10366.0,-34.4580364,146.0249666
10368.0,-34.4986123,146.0103306
10371.0,-29.277366,153.2174581
10373.0,-34.4986123,146.0103306
10374.0,-34.4986123,146.0103306
10375.0,-34.4986123,146.0103306
10380.0,-28.86373619999999,153.5326189
10381.0,-28.86373619999999,153.5326189
10382.0,-28.86373619999999,153.5326189
10383.0,-31.3689451,152.8011527
10400.0,-30.2057841,151.6755664
10410.0,-30.8817277,152.9372061
10411.0,-30.8817277,152.9372061
10412.0,-30.8817277,152.9372061
10413.0,-30.9282958,152.9410822
10414.0,-31.1123577,152.8301684
10416.0,-31.1123577,152.8301684
10417.0,-31.1123577,152.8301684
10423.0,-30.2383266,151.1313999
10430.0,-30.3089214,153.09976
10433.0,-30.3417432,153.0724488
10435.0,-30.364284,153.038992
10443.0,-29.9342943,153.0957351
10446.0,-29.9342943,153.0957351
10448.0,-29.9342943,153.0957351
10449.0,-29.9342943,153.0957351
10453.0,-28.812556,153.383383
10454.0,-28.8182469,153.3274972
10455.0,-28.8152987,153.286874
10456.0,-28.8152987,153.286874
10463.0,-30.4595405,151.3555334
10470.0,-31.0997108,150.9414436
10471.0,-31.1241952,150.9842987
10474.0,-31.1106376,150.9977725
10481.0,-28.9323877,153.4355079
10484.0,-28.8968342,153.4354416
10485.0,-28.8968342,153.4354416
10498.0,-35.0846006,149.2529124
10504.0,-36.44967,148.4131588
10505.0,-36.44967,148.4131588
10518.0,-33.7908206,150.671978
10520.0,-33.8973769,147.3127352
10527.0,-33.7074328,151.1227643
10529.0,-33.7877012,150.7714889
10531.0,-34.3355065,146.167106
10532.0,-34.3355065,146.167106
10535.0,-33.7877012,150.7714889
10538.0,-33.7945065,151.196447
10540.0,-34.3688297,148.2995021
10544.0,-33.7466399,150.6732759
10545.0,-33.7466399,150.6732759
10546.0,-33.7466399,150.6732759
10547.0,-33.7466399,150.6732759
10549.0,-33.74353,150.657074
10550.0,-33.742987,150.650607
10551.0,-33.7424683,150.6489233
10552.0,-33.7461689,150.6247998
10553.0,-33.7457956,150.6315354
10554.0,-33.7461689,150.6247998
10559.0,-33.761657,150.6405007
10575.0,-33.739417,151.120374
10582.0,-33.8027309,151.1376353
10588.0,-33.7625176,150.992333
10589.0,-33.7625176,150.992333
10590.0,-33.7625176,150.992333
10591.0,-33.7625176,150.992333
10597.0,-33.8071556,151.0845597
10608.0,-33.8028358,151.1997434
10610.0,-34.5313582,148.220244
10612.0,-34.5313582,148.220244
10617.0,-33.7093933,151.1247591
10618.0,-33.7093933,151.1247591
10619.0,-33.7093933,151.1247591
10620.0,-35.1310332,147.352978
10621.0,-33.797478,151.209876
10630.0,-33.9671027,147.1603969
10631.0,-34.091412,147.1434497
10632.0,-34.091412,147.1434497
10633.0,-33.9671027,147.1603969
10641.0,-34.808459,148.6282225
10642.0,-34.7736734,148.8159004
10646.0,-33.10075,149.6947148
10662.0,-33.4973981,149.3239738
10665.0,-33.4872525,149.4098344
10667.0,-33.3529864,149.1699371
10668.0,-33.4169574,149.2605298
10669.0,-33.433177,149.3479195
10671.0,-33.433177,149.3479195
10672.0,-33.4231777,149.4226526
10673.0,-33.4357935,149.3650106
10674.0,-33.4169574,149.2605298
10675.0,-33.4169574,149.2605298
10676.0,-33.3529864,149.1699371
10679.0,-34.5277585,149.5617237
10684.0,-34.5089988,149.5479724
10685.0,-34.5089988,149.5479724
10691.0,-34.5089988,149.5479724
10695.0,-34.5779708,150.3072493
10697.0,-34.587423,150.6118124
10698.0,-34.5892075,150.5981673
10700.0,-35.6871186,147.0335179
10710.0,-34.615585,150.781774
10711.0,-34.6271746,150.7772685
10714.0,-34.6271746,150.7772685
10716.0,-34.644083,150.7738515
10723.0,-33.45404750000001,151.3158746
10728.0,-33.029612,151.1331168
10730.0,-34.56672100000001,150.802051
10731.0,-34.5630556,150.7977601
10732.0,-31.3689451,152.8011527
10733.0,-34.56672100000001,150.802051
10738.0,-28.9269135,152.3739046
10741.0,-36.352519,148.7618576
10742.0,-36.352519,148.7618576
10751.0,-35.95086510000001,149.1453135
10752.0,-35.95086510000001,149.1453135
10761.0,-35.1702058,150.4439415
10770.0,-34.7434103,149.8430427
10771.0,-34.7086413,150.0098438
10772.0,-34.7086413,150.0098438
10773.0,-34.7086413,150.0098438
10780.0,-34.6377064,150.1342428
10781.0,-34.6377064,150.1342428
10782.0,-34.6377064,150.1342428
10791.0,-35.904447,150.080262
10792.0,-35.981226,150.1046092
10809.0,-29.4677566,149.7875621
10812.0,-29.4677566,149.7875621
10813.0,-29.4677566,149.7875621
10821.0,-34.3339998,150.9130166
10828.0,-29.7388887,151.0060936
10832.0,-34.3002297,150.9130215
10835.0,-29.773073,151.341438
10842.0,-34.8135662,150.5718546
10861.0,-34.3817187,150.8960755
10862.0,-34.3829358,150.8950906
10864.0,-29.09610859999999,152.0020534
10865.0,-29.311374,151.9345221
10866.0,-29.311374,151.9345221
10871.0,-34.494668,150.795033
10894.0,-35.1968913,148.1534808
10911.0,-34.7153722,150.8422209
10920.0,-34.7434103,149.8430427
10921.0,-34.7434103,149.8430427
10932.0,-34.1456261,150.9936021
10940.0,-34.3002297,150.9130215
10941.0,-34.3002297,150.9130215
10950.0,-34.4562961,150.8438715
10951.0,-34.4562961,150.8438715
10953.0,-35.2612865,147.1437984
10954.0,-35.2093442,147.2210188
10956.0,-35.2093442,147.2210188
10958.0,-34.6229529,144.3572022
10960.0,-35.0003217,146.8260653
10963.0,-34.812406,146.5812767
10964.0,-34.812406,146.5812767
10968.0,-34.9234555,146.6547889
10970.0,-34.8295937,149.5915605
10971.0,-34.8295937,149.5915605
10972.0,-34.8295937,149.5915605
10973.0,-34.8295937,149.5915605
10974.0,-35.1076777,147.2217555
10976.0,-35.0003217,146.8260653
10977.0,-35.0003217,146.8260653
10979.0,-34.9234555,146.6547889
10980.0,-34.9234555,146.6547889
10982.0,-35.0574569,147.0263881
10983.0,-35.0574569,147.0263881
10984.0,-35.078126,147.0883477
10986.0,-35.078126,147.0883477
10990.0,-35.0574569,147.0263881
11000.0,-33.932855,151.011572
11001.0,-33.9351704,151.01043
11013.0,-36.2467099,149.144275
11014.0,-36.2467099,149.144275
11020.0,-33.8039721,151.0297681
11021.0,-33.8043858,151.0268068
11022.0,-36.3800858,149.214763
11024.0,-36.0155141,149.1477976
11030.0,-33.8598354,151.1424202
11045.0,-36.2214318,150.1329188
11054.0,-36.10629060000001,150.0573536
11055.0,-36.10629060000001,150.0573536
11057.0,-36.10629060000001,150.0573536
11058.0,-36.10629060000001,150.0573536
11060.0,-36.0390811,150.0841412
11066.0,-35.8354451,150.1281656
11067.0,-35.6499065,150.2388433
11068.0,-35.6499065,150.2388433
11073.0,-35.8129811,150.1294281
11074.0,-35.8354451,150.1281656
11076.0,-35.9052811,150.081466
11079.0,-35.6499065,150.2388433
11080.0,-33.8976453,150.9934324
11081.0,-33.899699,150.99337
11082.0,-33.90092,150.9949
11083.0,-33.899699,150.99337
11084.0,-33.899699,150.99337
11085.0,-33.8976453,150.9934324
11090.0,-33.635906,150.2852983
11092.0,-33.637864,150.285325
11093.0,-33.635906,150.2852983
11094.0,-33.637864,150.285325
11100.0,-33.7884249,150.9196134
11109.0,-36.234901,149.12581
11110.0,-33.980572,151.106822
11112.0,-33.9826229,151.1089423
11113.0,-33.9826229,151.1089423
11125.0,-32.6120337,148.948318
11128.0,-32.8558397,148.9120034
11129.0,-32.9674175,148.8866337
11134.0,-33.1144274,148.9346578
11136.0,-32.9674175,148.8866337
11141.0,-33.3173267,149.0939552
11144.0,-33.2619756,149.0174682
11145.0,-33.2335106,148.8461186
11146.0,-33.2335106,148.8461186
11147.0,-33.897568,151.2620411
11150.0,-33.8881155,151.1655005
11151.0,-33.8659646,150.7780318
11152.0,-33.8458391,151.0096446
11153.0,-33.8458391,151.0096446
11154.0,-33.8538428,151.0083183
11155.0,-33.8538428,151.0083183
11156.0,-33.8659646,150.7780318
11157.0,-33.8458391,151.0096446
11159.0,-33.9056853,151.0494723
11161.0,-33.9081138,151.0662861
11162.0,-33.9081138,151.0662861
11170.0,-33.9738324,151.1293643
11171.0,-33.9771938,151.1243653
11172.0,-33.9738324,151.1293643
11182.0,-33.9390731,150.9125405
11190.0,-33.8991856,151.047827
11191.0,-33.8869716,151.0725718
11192.0,-33.8926879,151.0557367
11194.0,-33.8618012,150.9939098
11196.0,-33.8642754,151.0366199
11197.0,-33.8618012,150.9939098
11200.0,42.8897471,-85.7618428
11201.0,-33.8642754,151.0366199
11202.0,-33.8642754,151.0366199
11203.0,-33.8640969,151.0212143
11210.0,-34.0478665,151.1401536
11217.0,-33.9070494,151.056991
11218.0,-33.9070494,151.056991
11219.0,-33.9070494,151.056991
11220.0,-33.9070494,151.056991
11221.0,-34.51929,150.2978607
11222.0,-34.51929,150.2978607
11223.0,-33.9070494,151.056991
11230.0,-33.738493,150.8571677
11234.0,-33.6836986,151.2610741
11236.0,-35.0824973,149.0301282
11237.0,-35.0567118,149.0214315
11238.0,-35.1593976,149.0616498
11240.0,-33.7316815,151.3013157
11241.0,-33.7316815,151.3013157
11243.0,-35.0567118,149.0214315
11247.0,-33.9116345,151.2587555
11250.0,-33.7635509,150.8604541
11251.0,-33.7635509,150.8604541
11252.0,-33.7635509,150.8604541
11253.0,-33.7635509,150.8604541
11254.0,-33.924679,151.1922601
11257.0,-33.471826,151.2884585
11258.0,-33.471826,151.2884585
11259.0,-33.471826,151.2884585
11260.0,-33.8542473,151.1496472
11264.0,-33.8916552,151.0730742
11265.0,-33.8881459,151.0739422
11266.0,-33.8916552,151.0730742
11267.0,-33.3013498,150.7013218
11270.0,-33.7027656,151.0287003
11285.0,-33.5235942,151.3122438
11289.0,-33.5167146,151.3296779
11290.0,-33.5167146,151.3296779
11300.0,-33.955819,150.835332
11301.0,-33.955819,150.835332
11302.0,-33.955819,150.835332
11321.0,-34.035617,150.9605754
11330.0,-34.0486339,150.7156537
11331.0,-34.0486339,150.7156537
11354.0,-28.324558,153.4147329
11360.0,-33.6945446,150.9218397
11370.0,-33.7664875,150.7504062
11371.0,-33.787026,150.845033
11372.0,-33.7775571,150.8016464
11373.0,-33.7752641,150.7955517
11374.0,-33.7664875,150.7504062
11377.0,-34.6670365,146.4517554
11381.0,-33.7184221,150.3827462
11388.0,-29.6341993,152.1036181
11389.0,-29.6341993,152.1036181
11390.0,-33.8906316,151.2377804
11393.0,-29.7737325,151.1111791
11394.0,-29.7737325,151.1111791
11395.0,-29.7737325,151.1111791
11396.0,-29.7737325,151.1111791
11398.0,-29.7161312,150.9255898
11400.0,-29.6285058,150.7768828
11411.0,-34.6670365,146.4517554
11413.0,-34.6506547,146.4277401
11417.0,-34.6506547,146.4277401
11420.0,-31.6738388,148.7131866
11429.0,-31.6738388,148.7131866
11430.0,-33.2323872,150.0261234
11431.0,-33.2743217,150.0344874
11432.0,-33.2323872,150.0261234
11438.0,-36.5185321,149.2814121
11440.0,-32.3967671,148.8278009
11441.0,-32.3967671,148.8278009
11443.0,-32.4174624,148.847468
11455.0,-37.0770836,149.8738265
11456.0,-37.053284,149.901673
11461.0,-35.6499065,150.2388433
11469.0,-36.8568663,149.8357969
11471.0,-33.0315314,149.900577
11473.0,-33.083879,149.9429121
11478.0,-36.6277204,149.5695186
11488.0,-36.6277204,149.5695186
11489.0,-36.6277204,149.5695186
11490.0,-33.5387373,149.2533762
11492.0,-33.5385561,149.2480388
11500.0,-32.2505493,148.6124036
11501.0,-32.2505493,148.6124036
11503.0,-32.2505493,148.6124036
11510.0,-33.4195157,149.6221935
11511.0,-33.4195157,149.6221935
11512.0,-33.4195157,149.6221935
11513.0,-33.4195157,149.6221935
11523.0,-33.8585711,151.0239074
11525.0,-33.8585711,151.0239074
11530.0,-33.4065317,149.599612
11531.0,-33.4065317,149.599612
11541.0,-33.846332,151.0302299
11542.0,-33.846332,151.0302299
11545.0,-33.7578939,150.9418809
11546.0,-33.7535239,150.9291121
11547.0,-33.7578939,150.9418809
11555.0,-33.8406494,151.0050759
11556.0,-33.8406494,151.0050759
11558.0,-33.8406494,151.0050759
11570.0,-31.4302152,149.0702718
11572.0,-33.4338526,149.9202973
11573.0,-33.437458,149.8515642
11580.0,-29.3099829,149.9724285
11581.0,-29.3099829,149.9724285
11582.0,-29.3099829,149.9724285
11583.0,-29.3099829,149.9724285
11591.0,-29.4677566,149.7875621
11592.0,-29.4677566,149.7875621
11593.0,-29.3099829,149.9724285
11594.0,-29.3099829,149.9724285
11600.0,-30.7,150.033333
11602.0,-30.7,150.033333
11603.0,-30.5804764,149.9439764
11604.0,-30.5804764,149.9439764
11605.0,-30.5804764,149.9439764
11606.0,-30.5804764,149.9439764
11617.0,-30.0774082,149.7932349
11620.0,-33.4597397,149.4844013
11621.0,-33.4597397,149.4844013
11624.0,-29.9208212,149.7912525
11627.0,-29.3099829,149.9724285
11632.0,-36.0647033,146.9316563
11633.0,-36.0647033,146.9316563
11634.0,-36.0647033,146.9316563
11635.0,-36.0647033,146.9316563
11637.0,-32.5216439,148.2798453
11650.0,-35.1200257,147.3895092
11651.0,-32.2993127,148.5457406
11653.0,-32.5216439,148.2798453
11654.0,-35.127523,147.4331652
11662.0,-28.2396943,153.5507545
11668.0,-28.1878846,153.539197
11682.0,-33.3824801,151.3700494
11692.0,-33.471826,151.2884585
11694.0,-36.1852168,148.900416
11698.0,-33.3683497,151.468814
11700.0,-32.7002652,151.4921117
11711.0,-33.4379759,151.3239009
11712.0,-33.4379759,151.3239009
11713.0,-33.4379759,151.3239009
11714.0,-33.4379759,151.3239009
11720.0,-33.418,151.443
11721.0,-33.4068205,151.4645443
11722.0,-33.412732,151.452494
11723.0,-33.412732,151.452494
11730.0,-32.763883,151.59658
11731.0,-32.763883,151.59658
11732.0,-32.763883,151.59658
11750.0,-32.934693,151.6889296
11760.0,-32.9368496,151.7417344
11761.0,-32.9387272,151.758769
11762.0,-32.9387272,151.758769
11763.0,-32.9385349,151.7601102
11764.0,-32.9385349,151.7601102
11765.0,-32.9380283,151.7490647
11781.0,-31.3689451,152.8011527
11801.0,-31.4277125,152.8802876
11804.0,-31.418927,152.866375
11810.0,-31.073383,152.8453455
11811.0,-31.071707,152.845752
11823.0,-30.6790239,152.9455597
11824.0,-30.6380069,152.9731616
11831.0,-31.118592,152.827452
11841.0,-28.848383,153.442766
11842.0,-28.84842399999999,153.448261
11870.0,-35.118866,147.363458
11890.0,-36.0366899,146.9633152
11900.0,-35.1312097,147.3414875
11902.0,-35.1331372,147.3572201
11910.0,-35.1414057,147.3757392
11911.0,-35.1534764,147.3742381
11912.0,-35.1414057,147.3757392
11913.0,-35.1414057,147.3757392
11914.0,-35.1414057,147.3757392
11930.0,-35.9713654,147.004313
11950.0,-35.1155881,147.3567697
11951.0,-35.1155881,147.3567697
11960.0,-35.09904540000001,147.3564862
11961.0,-35.1004138,147.3578679
11962.0,-35.1004138,147.3578679
12001.0,-34.4003381,150.8805633
12010.0,-34.5765929,150.6910728
12011.0,-34.5765929,150.6910728
12020.0,-34.425747,150.8998203
12030.0,-35.0806809,150.5475785
12042.0,-34.4594929,150.8627153
12050.0,-34.3975794,150.8923001
12061.0,-35.5597155,150.0106896
12160.0,-34.0289699,151.0817171
12162.0,-34.0316548,151.0757004
12181.0,-32.2308892,148.5757489
12210.0,-32.2458233,148.6020809
12211.0,-32.2433821,148.6017465
12280.0,-33.9249813,151.0556632
12281.0,-33.9192387,151.063238
12310.0,-33.955513,150.892012
12311.0,-33.9390731,150.9125405
12322.0,-34.0165411,150.9814971
12323.0,-33.935731,150.9361657
12340.0,-33.9219057,150.919034
12390.0,-34.023326,151.090111
12391.0,-34.0091092,151.0997283
12441.0,-33.870267,150.904223
12450.0,-33.718582,150.843074
12460.0,-33.9563245,151.1455807
12494.0,-31.4632905,152.791939
12495.0,-31.450744,152.8767206
12496.0,-31.4632905,152.791939
12499.0,-31.450744,152.8767206
12500.0,-33.7672539,150.8201896
12540.0,-33.7522076,150.8410642
12541.0,-33.7522076,150.8410642
12580.0,-33.459537,151.193761
12581.0,-33.459537,151.193761
12582.0,-33.523,151.201
12583.0,-33.459537,151.193761
12670.0,-34.0308975,150.8307058
12681.0,-33.8122628,150.6927989
12682.0,-33.7767773,150.7108382
12720.0,-33.8278959,151.2012988
12840.0,-34.0962508,150.9989903
12860.0,-33.809688,150.9463574
12870.0,-33.7798804,150.9978024
12890.0,-33.7247612,150.9738798
12891.0,-33.7247612,150.9738798
12900.0,-33.8963662,150.9118688
12961.0,-33.2638046,151.5400243
12990.0,-33.741408,150.71738
13020.0,-33.1687865,151.6087254
13030.0,-31.4864671,152.9146457
13031.0,-31.4864671,152.9146457
13032.0,-31.5074461,152.8937045
13034.0,-31.5074461,152.8937045
13050.0,-33.4658938,151.4111439
13080.0,-34.0548362,151.0444138
13090.0,-32.5560653,152.1492259
13091.0,-32.5560653,152.1492259
13092.0,-32.5560653,152.1492259
13093.0,-32.5560653,152.1492259
13100.0,-33.9301231,150.9336252
13140.0,-33.7788107,150.9648852
13150.0,-32.5560653,152.1492259
13151.0,-32.5560653,152.1492259
13181.0,-31.9886009,152.4701099
13200.0,-33.7235622,151.02
13250.0,-33.8322541,151.0901657
13271.0,-33.6775665,151.0261839
13272.0,-33.6775665,151.0261839
13290.0,-33.9616237,151.0911104
13340.0,-33.865365,151.1049468
13351.0,-33.7880939,150.8510543
13352.0,-33.7945269,150.88387
13353.0,-33.7945269,150.88387
13370.0,-33.8746207,151.1057492
13400.0,-33.8084387,150.9401289
13401.0,-33.809688,150.9463574
13410.0,-33.9464567,151.2279299
13450.0,-33.7297495,151.1586872
13451.0,-33.7297495,151.1586872
13452.0,-33.7297495,151.1586872
13455.0,-33.6949753,151.2184288
13456.0,-33.70821100000001,151.200535
13490.0,-34.0858243,150.8065549
13500.0,-32.7671024,151.811089
13540.0,-33.7469565,150.9823503
13570.0,-33.67112240000001,151.3132811
13571.0,-33.67112240000001,151.3132811
13590.0,-33.7864507,150.9518904
13600.0,-34.0274743,151.1062393
13611.0,-33.8589383,151.0434738
13730.0,-33.5697424,150.8366592
13731.0,-33.5822523,150.8346812
13732.0,-33.5822523,150.8346812
13733.0,-33.5822523,150.8346812
13840.0,-32.1356233,148.5925003
13850.0,-33.9172144,151.0512818
13851.0,-33.9172144,151.0512818
13862.0,-28.8794759,153.1949455
13863.0,-28.8794759,153.1949455
13865.0,-28.8610164,153.0634216
13930.0,-32.268916,150.887805
13931.0,-32.3168065,150.939234
13932.0,-32.268916,150.887805
14001.0,-34.9317099,150.6029124
14190.0,-32.9340977,151.6327857
14191.0,-32.9340977,151.6327857
14192.0,-32.9340977,151.6327857
14230.0,-34.0406019,151.1044536
14280.0,-33.8665427,150.8703477
14360.0,-32.5601815,151.174221
14362.0,-32.573874,151.183596
14460.0,-33.9614187,151.0504856
14520.0,-29.6207471,153.0339673
14521.0,-29.6207471,153.0339673
14561.0,-32.8270344,151.7363397
14563.0,-32.8270344,151.7363397
14564.0,-32.8270344,151.7363397
14566.0,-32.8270344,151.7363397
14567.0,-32.8270344,151.7363397
14620.0,-32.9320928,151.752904
14621.0,-32.9282762,151.7565854
14622.0,-32.9282762,151.7565854
14623.0,-32.9320928,151.752904
14651.0,-32.8079018,151.8630067
14660.0,-34.0324983,151.0855769
14711.0,-34.0165411,150.9814971
14780.0,-33.2602953,151.5142805
14781.0,-33.2553046,151.5049257
14782.0,-33.2602953,151.5142805
14800.0,-34.0639586,151.0580338
14801.0,-34.064181,151.0575634
14871.0,-31.0560371,150.8935184
14872.0,-31.0078021,150.8764715
15071.0,-35.3428231,150.4654118
15110.0,-33.7466399,150.6732759
15111.0,-33.7466399,150.6732759
15112.0,-33.7466399,150.6732759
15120.0,-33.9949847,151.1295784
15142.0,-32.7846953,151.7334245
15143.0,-32.8170244,151.6953863
15190.0,-33.9680238,151.0325406
15210.0,-32.6790886,151.3901752
15214.0,-32.6790886,151.3901752
15420.0,-30.3263454,153.1016963
15421.0,-30.3263454,153.1016963
15422.0,-30.3150691,153.1134163
15431.0,-31.4571582,152.8214097
15440.0,-32.9716955,151.6497331
15452.0,-34.4321776,150.4802006
15453.0,-34.4321776,150.4802006
15470.0,-31.6411353,152.7921482
15471.0,-31.6345172,152.7647235
15550.0,-32.79088310000001,151.6295667
15551.0,-32.7737271,151.6091932
15672.0,-34.9104836,150.60321
15770.0,-32.9524046,151.6560427
15860.0,-34.8469611,150.6485629
15890.0,-33.66191690000001,150.8913865
15913.0,-33.9724171,151.1512719
16000.0,-32.9230268,151.7218788
16001.0,-32.9230268,151.7218788
16030.0,-32.7380026,152.1235505
16031.0,-32.7196718,152.1442832
16032.0,-32.7380026,152.1235505
16033.0,-32.7207474,152.1429867
16071.0,-32.9137535,151.7085362
16080.0,-34.3617303,150.9049121
16081.0,-34.3617303,150.9049121
16110.0,-32.841726,151.3687779
16111.0,-32.8424248,151.3720454
16241.0,-34.7175125,150.5256349
16250.0,-33.4362788,151.3498264
16350.0,-34.5775154,150.8634165
16397.0,-32.7587876,151.6124913
16398.0,-32.7587876,151.6124913
16435.0,-32.7009577,151.528978
16437.0,-32.7009577,151.528978
16451.0,-33.2629618,151.5603535
16480.0,-32.9837217,151.6570606
16500.0,-32.7110523,151.5168336
16502.0,-32.7045284,151.4793955
16503.0,-32.7002652,151.4921117
16560.0,-32.8139875,151.8083128
16561.0,-32.8139875,151.8083128
16562.0,-32.8139875,151.8083128
16564.0,-32.8139875,151.8083128
16660.0,-32.7197279,152.1711248
16680.0,-35.3416025,149.7374898
16681.0,-35.3416025,149.7374898
16810.0,-35.1130538,147.3750786
16880.0,-31.1057115,150.9009909
16900.0,-34.6308314,150.8359007
16910.0,-35.321239,150.442844
16933.0,-31.9238782,152.4647876
16940.0,-33.4324489,151.3666919
16941.0,-33.4324489,151.3666919
16960.0,-35.388691,150.441724
17130.0,-33.941827,150.7327552
17150.0,-32.9489737,151.7350661
17151.0,-32.9489737,151.7350661
17262.0,-32.807294,151.47171
17460.0,-34.5744654,145.995365
17461.0,-34.5744654,145.995365
17493.0,-32.1499593,152.4909085
17495.0,-32.1499593,152.4909085
17497.0,-32.161281,152.494418
17500.0,-33.5499255,150.6808346
17570.0,-31.4431592,152.9195474
17571.0,-31.4431592,152.9195474
17590.0,-31.8784021,152.4251479
17591.0,-31.8784021,152.4251479
17592.0,-31.8784021,152.4251479
17682.0,-34.6469838,150.4830824
17684.0,-34.684251,150.500915
17690.0,-35.6366454,150.2448374
17691.0,-35.6908362,150.1939988
17710.0,-34.747192,149.729117
17750.0,-33.917974,150.8089266
17751.0,-33.9132449,150.7786396
17753.0,-33.917974,150.8089266
17754.0,-33.9138644,150.77961
17760.0,-36.5013661,149.8407157
17810.0,-28.6697468,153.5835438
17820.0,-28.674159,153.614075
17821.0,-28.674159,153.614075
17822.0,-28.6893449,153.6079785
17830.0,-28.674159,153.614075
17832.0,-28.674159,153.614075
17841.0,-36.3996353,148.6536476
17842.0,-36.3932971,148.6519505
17860.0,-33.4070627,149.4775127
17880.0,-33.3011925,151.5318188
17891.0,-33.0425524,151.4727703
17892.0,-33.0425524,151.4727703
17893.0,-33.0996664,151.4739339
17900.0,-32.8213417,151.420135
17901.0,-32.8213417,151.420135
17903.0,-32.8213417,151.420135
17904.0,-32.8213417,151.420135
17910.0,-35.023156,150.660936
17950.0,-33.17934,151.538202
17951.0,-33.1565218,151.5068348
17960.0,-32.7388143,151.5525836
17961.0,-32.7227353,151.5428687
17980.0,-28.2730857,153.4813053
18010.0,-33.4463637,150.1154774
18011.0,-33.4463637,150.1154774
18060.0,-32.9668197,151.6268218
